,ACM1_HUMAN,ACM2_HUMAN,ACM3_HUMAN,ACM4_HUMAN,ACM5_HUMAN,ACM3_HUMAN_INACTIVE,ACM5_HUMAN_TRUE
-:-:M1:-:-:M0,-,-,M1,-,-,M0,-
-:-:T2:-:-:T1,-,-,T2,-,-,T1,-
-:-:L3:-:-:L2,-,-,L3,-,-,L2,-
-:-:H4:-:-:H3,-,-,H4,-,-,H3,-
-:-:N5:-:-:N4,-,-,N5,-,-,N4,-
-:-:N6:-:-:N5,-,-,N6,-,-,N5,-
-:-:S7:-:-:S6,-,-,S7,-,-,S6,-
-:-:T8:-:-:T7,-,-,T8,-,-,T7,-
-:-:T9:-:-:T8,-,-,T9,-,-,T8,-
-:-:S10:-:-:S9,-,-,S10,-,-,S9,-
-:-:P11:-:-:P10,-,-,P11,-,-,P10,-
-:-:L12:-:-:L11,-,-,L12,-,-,L11,-
-:-:F13:-:-:F12,-,-,F13,-,-,F12,-
-:-:P14:-:-:P13,-,-,P14,-,-,P13,-
-:-:N15:-:-:N14,-,-,N15,-,-,N14,-
-:-:I16:-:-:I15,-,-,I16,-,-,I15,-
-:-:S17:-:-:S16,-,-,S17,-,-,S16,-
-:-:S18:-:-:S17,-,-,S18,-,-,S17,-
-:-:S19:-:-:S18,-,-,S19,-,-,S18,-
-:-:W20:-:-:W19,-,-,W20,-,-,W19,-
-:-:I21:-:-:I20,-,-,I21,-,-,I20,-
-:-:H22:-:-:H21,-,-,H22,-,-,H21,-
-:-:S23:-:-:S22,-,-,S23,-,-,S22,-
-:-:P24:-:-:P23,-,-,P24,-,-,P23,-
-:-:S25:-:-:S24,-,-,S25,-,-,S24,-
-:-:D26:-:-:D25,-,-,D26,-,-,D25,-
-:-:A27:-:-:A26,-,-,A27,-,-,A26,-
-:-:G28:-:-:G27,-,-,G28,-,-,G27,-
-:-:L29:-:-:L28,-,-,L29,-,-,L28,-
-:-:P30:-:-:P29,-,-,P30,-,-,P29,-
-:-:P31:-:-:P30,-,-,P31,-,-,P30,-
-:-:G32:-:-:G31,-,-,G32,-,-,G31,-
-:-:T33:-:-:T32,-,-,T33,-,-,T32,-
-:-:V34:-:-:V33,-,-,V34,-,-,V33,-
-:-:T35:-:-:T34,-,-,T35,-,-,T34,-
-:-:H36:-:-:H35,-,-,H36,-,-,H35,-
-:-:F37:-:-:F36,-,-,F37,-,-,F36,-
-:-:G38:-:-:G37,-,-,G38,-,-,G37,-
-:-:S39:-:M1:S38,-,-,S39,-,M1,S38,M1
-:-:Y40:M1:E2:Y39,-,-,Y40,M1,E2,Y39,E2
-:-:N41:A2:G3:N40,-,-,N41,A2,G3,N40,G3
-:-:V42:N3:D4:V41,-,-,V42,N3,D4,V41,D4
-:-:S43:F4:S5:S42,-,-,S43,F4,S5,S42,S5
M1:-:R44:T5:Y6:R43,M1,-,R44,T5,Y6,R43,Y6
N2:-:A45:P6:H7:A44,N2,-,A45,P6,H7,A44,H7
T3:-:A46:V7:N8:A45,T3,-,A46,V7,N8,A45,N8
S4:M1:G47:N8:A9:G46,S4,M1,G47,N8,A9,G46,A9
A5:N2:N48:G9:T10:N47,A5,N2,N48,G9,T10,N47,T10
P6:N3:F49:S10:T11:F48,P6,N3,F49,S10,T11,F48,T11
P7:S4:S50:S11:V12:S49,P7,S4,S50,S11,V12,S49,V12
A8:T5:S51:G12:N13:S50,A8,T5,S51,G12,N13,S50,N13
V9:N6:P52:N13:G14:P51,V9,N6,P52,N13,G14,P51,G14
S10:S7:D53:Q14:T15:D52,S10,S7,D53,Q14,T15,D52,T15
P11:S8:G54:S15:P16:G53,P11,S8,G54,S15,P16,G53,P16
N12:N9:T55:V16:V17:T54,N12,N9,T55,V16,V17,T54,V17
I13:N10:T56:R17:N18:T55,I13,N10,T56,R17,N18,T55,N18
T14:S11:D57:L18:H19:D56,T14,S11,D57,L18,H19,D56,H19
V15:L12:D58:V19:Q20:D57,V15,L12,D58,V19,Q20,D57,Q20
L16:A13:P59:T20:P21:P58,L16,A13,P59,T20,P21,P58,P21
A17:L14:L60:S21:L22:L59,A17,L14,L60,S21,L22,L59,L22
P18:T15:G61:S22:E23:G60,P18,T15,G61,S22,E23,G60,E23
G19:S16:G62:S23:R24:G61,G19,S16,G62,S23,R24,G61,R24
K20:P17:H63:H24:H25:H62,K20,P17,H63,H24,H25,H62,H25
G21:Y18:T64:N25:R26:T63,G21,Y18,T64,N25,R26,T63,R26
1x26:-,-,-,-,R26,-,-,-
1x27:-,-,-,-,Y27,-,-,-
1x28:-,-,K19,-,E28,-,-,-
1x29,P22,T20,V65,T29,L27,V64,L27
1x30,W23,F21,W66,V30,W28,W65,W28
1x31,Q24,E22,Q67,E31,E29,Q66,E29
1x32,V25,V23,V68,M32,V30,V67,V30
1x33,A26,V24,V69,V33,I31,V68,I31
1x34,F27,F25,F70,F34,T32,F69,T32
1x35,I28,I26,I71,I35,I33,I70,I33
1x36,G29,V27,A72,A36,A34,A71,A34
1x37,I30,L28,F73,T37,A35,F72,A35
1x38,T31,V29,L74,V38,V36,L73,V36
1x39,T32,A30,T75,T39,T37,T74,T37
1x40,G33,G31,G76,G40,A38,G75,A38
1x41,L34,S32,I77,S41,V39,I76,V39
1x42,L35,L33,L78,L42,V40,L77,V40
1x43,S36,S34,A79,S43,S41,A78,S41
1x44,L37,L35,L80,L44,L42,L79,L42
1x45,A38,V36,V81,V45,I43,V80,I43
1x46,T39,T37,T82,T46,T44,T81,T44
1x47,V40,I38,I83,V47,I45,I82,I45
1x48,T41,I39,I84,V48,V46,I83,V46
1x49,G42,G40,G85,G49,G47,G84,G47
1x50,N43,N41,N86,N50,N48,N85,N48
1x51,L44,I42,I87,I51,V49,I86,V49
1x52,L45,L43,L88,L52,L50,L87,L50
1x53,V46,V44,V89,V53,V51,V88,V51
1x54,L47,M45,I90,M54,M52,I89,M52
1x55,I48,V46,V91,L55,I53,V90,I53
1x56,S49,S47,S92,S56,S54,S91,S54
1x57,F50,I48,F93,I57,F55,F92,F55
1x58,K51,K49,K94,K58,K56,K93,K56
1x59,V52,V50,V95,V59,V57,V94,V57
1x60,N53,N51,N96,N60,N58,N95,N58
12x48,T54,R52,K97,R61,S59,K96,S59
12x49,E55,H53,Q98,Q62,Q60,Q97,Q60
12x50,L56,L54,L99,L63,L61,L98,L61
12x51,K57,Q55,K100,Q64,K62,K99,K62
2x37,T58,T56,T101,T65,T63,T100,T63
2x38,V59,V57,V102,V66,V64,V101,V64
2x39,N60,N58,N103,N67,N65,N102,N65
2x40,N61,N59,N104,N68,N66,N103,N66
2x41,Y62,Y60,Y105,Y69,Y67,Y104,Y67
2x42,F63,F61,F106,F70,Y68,F105,Y68
2x43,L64,L62,L107,L71,L69,L106,L69
2x44,L65,F63,L108,F72,L70,L107,L70
2x45,S66,S64,S109,S73,S71,S108,S71
2x46,L67,L65,L110,L74,L72,L109,L72
2x47,A68,A66,A111,A75,A73,A110,A73
2x48,C69,C67,C112,C76,C74,C111,C74
2x49,A70,A68,A113,A77,A75,A112,A75
2x50,D71,D69,D114,D78,D76,D113,D76
2x51,L72,L70,L115,L79,L77,L114,L77
2x52,I73,I71,I116,I80,I78,I115,I78
2x53,I74,I72,I117,I81,I79,I116,I79
2x54,G75,G73,G118,G82,G80,G117,G80
2x55,T76,V74,V119,A83,I81,V118,I81
2x551,F77,F75,I120,F84,F82,I119,F82
2x56,S78,S76,S121,S85,S83,S120,S83
2x57,M79,M77,M122,M86,M84,M121,M84
2x58,N80,N78,N123,N87,N85,N122,N85
2x59,L81,L79,L124,L88,L86,L123,L86
2x60,Y82,Y80,F125,Y89,Y87,F124,Y87
2x61,T83,T81,T126,T90,T88,T125,T88
2x62,T84,L82,T127,V91,T89,T126,T89
2x63,Y85,Y83,Y128,Y92,Y90,Y127,Y90
2x64,L86,T84,I129,I93,I91,I128,I91
2x65,L87,V85,I130,I94,L92,I129,L92
2x66,M88,I86,M131,K95,M93,M130,M93
G89:G87:N132:G96:G94:N131,G89,G87,N132,G96,G94,N131,G94
23x49,H90,Y88,R133,Y97,R95,R132,R95
23x50,W91,W89,W134,W98,W96,W133,W96
23x51,A92,P90,A135,P99,A97,A134,A97
23x52,L93,L91,L136,L100,L98,L135,L98
3x21,G94,G92,G137,G101,G99,G136,G99
3x22,T95,P93,N138,A102,S100,N137,S100
3x23,L96,V94,L139,V103,L101,L138,L101
3x24,A97,V95,A140,V104,A102,A139,A102
3x25,C98,C96,C141,C105,C103,C140,C103
3x26,D99,D97,D142,D106,D104,D141,D104
3x27,L100,L98,L143,L107,L105,L142,L105
3x28,W101,W99,W144,W108,W106,W143,W106
3x29,L102,L100,L145,L109,L107,L144,L107
3x30,A103,A101,A146,A110,A108,A145,A108
3x31,L104,L102,I147,L111,L109,I146,L109
3x32,D105,D103,D148,D112,D110,D147,D110
3x33,Y106,Y104,Y149,Y113,Y111,Y148,Y111
3x34,V107,V105,V150,V114,V112,V149,V112
3x35,A108,V106,A151,V115,A113,A150,A113
3x36,S109,S107,S152,S116,S114,S151,S114
3x37,N110,N108,N153,N117,N115,N152,N115
3x38,A111,A109,A154,A118,A116,A153,A116
3x39,S112,S110,S155,S119,S117,S154,S117
3x40,V113,V111,V156,V120,V118,V155,V118
3x41,M114,M112,M157,M121,M119,M156,M119
3x42,N115,N113,N158,N122,N120,N157,N120
3x43,L116,L114,L159,L123,L121,L158,L121
3x44,L117,L115,L160,L124,L122,L159,L122
3x45,L118,I116,V161,I125,V123,V160,V123
3x46,I119,I117,I162,I126,I124,I161,I124
3x47,S120,S118,S163,S127,S125,S162,S125
3x48,F121,F119,F164,F128,F126,F163,F126
3x49,D122,D120,D165,D129,D127,D164,D127
3x50,R123,R121,R166,R130,R128,R165,R128
3x51,Y124,Y122,Y167,Y131,Y129,Y166,Y129
3x52,F125,F123,F168,F132,F130,F167,F130
3x53,S126,C124,S169,C133,S131,S168,S131
3x54,V127,V125,I170,V134,I132,I169,I132
3x55,T128,T126,T171,T135,T133,T170,T133
3x56,R129,K127,R172,K136,R134,R171,R134
34x50,P130,P128,P173,P137,P135,P172,P135
34x51,L131,L129,L174,L138,L136,L173,L136
34x52,S132,T130,T175,T139,T137,T174,T137
34x53,Y133,Y131,Y176,Y140,Y138,Y175,Y138
34x54,R134,P132,R177,P141,R139,R176,R139
34x55,A135,V133,A178,A142,A140,A177,A140
34x56,K136,K134,K179,R143,K141,K178,K141
34x57,R137,R135,R180,R144,R142,R179,R142
4x38,T138,T136,T181,T145,T143,T180,T143
4x39,P139,T137,T182,T146,P144,T181,P144
4x40,R140,K138,K183,K147,K145,K182,K145
4x41,R141,M139,R184,M148,R146,R183,R146
4x42,A142,A140,A185,A149,A147,A184,A147
4x43,A143,G141,G186,G150,G148,G185,G148
4x44,L144,M142,V187,L151,I149,V186,I149
4x45,M145,M143,M188,M152,M150,M187,M150
4x46,I146,I144,I189,I153,I151,I188,I151
4x47,G147,A145,G190,A154,G152,G189,G152
4x48,L148,A146,L191,A155,L153,L190,L153
4x49,A149,A147,A192,A156,A154,A191,A154
4x50,W150,W148,W193,W157,W155,W192,W155
4x51,L151,V149,V194,V158,L156,V193,L156
4x52,V152,L150,I195,L159,I157,I194,I157
4x53,S153,S151,S196,S160,S158,S195,S158
4x54,F154,F152,F197,F161,F159,F196,F159
4x55,V155,I153,V198,V162,I160,V197,I160
4x56,L156,L154,L199,L163,L161,L198,L161
4x57,W157,W155,W200,W164,W162,W199,W162
4x58,A158,A156,A201,A165,A163,A200,A163
4x59,P159,P157,P202,P166,P164,P201,P164
4x60,A160,A158,A203,A167,A165,A202,A165
4x61,I161,I159,I204,I168,I166,I203,I166
4x62,L162,L160,L205,L169,L167,L204,L167
4x63,F163,F161,F206,F170,C168,F205,C168
4x64,W164,W162,W207,W171,W169,W206,W169
4x65,Q165,Q163,Q208,Q172,Q170,Q207,Q170
4x66,Y166,F164,Y209,F173,Y171,Y208,Y171
4x67,L167,I165,F210,V174,L172,F209,L172
4x68,V168,V166,V211,V175,V173,V210,V173
4x69,G169,G167,G212,G176,G174,G211,G174
E170:V168:K213:K177:K175:K212,E170,V168,K213,K177,K175,K212,K175
R171:R169:R214:R178:R176:R213,R171,R169,R214,R178,R176,R213,R176
T172:T170:T215:T179:T177:T214,T172,T170,T215,T179,T177,T214,T177
V173:V171:V216:V180:V178:V215,V173,V171,V216,V180,V178,V215,V178
L174:E172:P217:P181:P179:P216,L174,E172,P217,P181,P179,P216,P179
A175:D173:P218:D182:L180:P217,A175,D173,P218,D182,L180,P217,L180
G176:G174:G219:N183:D181:G218,G176,G174,G219,N183,D181,G218,D181
Q177:E175:E220:Q184:E182:E219,Q177,E175,E220,Q184,E182,E219,E182
45x50,C178,C176,C221,C185,C183,C220,C183
45x51,Y179,Y177,F222,F186,Q184,F221,Q184
45x52,I180,I178,I223,I187,I185,I222,I185
Q181:Q179:Q224:Q188:Q186:Q223,Q181,Q179,Q224,Q188,Q186,Q223,Q186
F182:F180:F225:F189:F187:F224,F182,F180,F225,F189,F187,F224,F187
L183:F181:L226:L190:L188:L225,L183,F181,L226,L190,L188,L225,L188
S184:S182:S227:S191:S189:S226,S184,S182,S227,S191,S189,S226,S189
5x36,Q185,N183,E228,N192,E190,E227,E190
5x37,P186,A184,P229,P193,P191,P228,P191
5x38,I187,A185,T230,A194,T192,T229,T192
5x39,I188,V186,I231,V195,I193,I230,I193
5x40,T189,T187,T232,T196,T194,T231,T194
5x41,F190,F188,F233,F197,F195,F232,F195
5x42,G191,G189,G234,G198,G196,G233,G196
5x43,T192,T190,T235,T199,T197,T234,T197
5x44,A193,A191,A236,A200,A198,A235,A198
5x45,M194,I192,I237,I201,I199,I236,I199
5x46,A195,A193,A238,A202,A200,A237,A200
5x461,A196,A194,A239,A203,A201,A238,A201
5x47,F197,F195,F240,F204,F202,F239,F202
5x48,Y198,Y196,Y241,Y205,Y203,Y240,Y203
5x49,L199,L197,M242,L206,I204,M241,I204
5x50,P200,P198,P243,P207,P205,P242,P205
5x51,V201,V199,V244,V208,V206,V243,V206
5x52,T202,I200,T245,V209,S207,T244,S207
5x53,V203,I201,I246,I210,V208,I245,V208
5x54,M204,M202,M247,M211,M209,M246,M209
5x55,C205,T203,T248,T212,T210,T247,T210
5x56,T206,V204,I249,V213,I211,I248,I211
5x57,L207,L205,L250,L214,L212,L249,L212
5x58,Y208,Y206,Y251,Y215,Y213,Y250,Y213
5x59,W209,W207,W252,I216,C214,W251,C214
5x60,R210,H208,R253,H217,R215,R252,R215
5x61,I211,I209,I254,I218,I216,I253,I216
5x62,Y212,S210,Y255,S219,Y217,Y254,Y217
5x63,R213,R211,K256,L220,R218,K255,R218
5x64,E214,A212,E257,A221,E219,E256,E219
5x65,T215,S213,T258,S222,T220,T257,T220
5x66,E216,K214,E259,R223,E221,E258,E221
5x67,N217,S215,K260,S224,-,K259,K222
5x68,R218,R216,R261,R225,-,R260,R223
5x69,A219,I217,T262,V226,-,T261,T224
5x70,R220,K218,K263,H227,-,K262,K225
5x71,E221,K219,E264,K228,-,E263,D226
5x72,L222,D220,L265,H229,-,L264,L227
5x73,A223,K221,A266,R230,-,A265,A228
5x74,A224,K222,G267,P231,-,G266,D229
5x75,L225,E223,L268,E232,-,L267,L230
Q226:P224:Q269:G233:Q231:Q268,Q226,P224,Q269,G233,-,Q268,Q231
G227:V225:A270:P234:G232:A269,G227,V225,A270,P234,-,A269,G232
S228:A226:S271:K235:S233:S270,S228,A226,S271,K235,-,S270,S233
E229:N227:G272:E236:D234:G271,E229,N227,G272,E236,-,G271,D234
T230:Q228:T273:K237:S235:T272,T230,Q228,T273,K237,-,T272,S235
P231:D229:E274:K238:V236:E273,P231,D229,E274,K238,-,E273,V236
G232:P230:A275:A239:T237:A274,G232,P230,A275,A239,-,A274,T237
K233:V231:E276:K240:K238:E275,K233,V231,E276,K240,-,E275,K238
G234:S232:T277:T241:A239:T276,G234,S232,T277,T241,-,T276,A239
G235:P233:E278:L242:E240:E277,G235,P233,E278,L242,-,E277,E240
G236:S234:N279:A243:K241:N278,G236,S234,N279,A243,-,N278,K241
S237:L235:F280:F244:R242:F279,S237,L235,F280,F244,-,F279,R242
S238:V236:V281:L245:K243:V280,S238,V236,V281,L245,-,V280,K243
S239:Q237:H282:K246:P244:H281,S239,Q237,H282,K246,-,H281,P244
S240:G238:P283:S247:A245:P282,S240,G238,P283,S247,-,P282,A245
S241:R239:T284:P248:H246:T283,S241,R239,T284,P248,-,T283,H246
E242:I240:G285:L249:R247:G284,E242,I240,G285,L249,-,G284,R247
R243:V241:S286:M250:A248:S285,R243,V241,S286,M250,-,S285,A248
S244:K242:S287:K251:L249:S286,S244,K242,S287,K251,-,S286,L249
Q245:P243:R288:Q252:F250:R287,Q245,P243,R288,Q252,-,R287,F250
P246:N244:S289:S253:R251:S288,P246,N244,S289,S253,-,S288,R251
G247:N245:C290:V254:S252:C289,G247,N245,C290,V254,-,C289,S252
A248:N246:S291:K255:C253:S290,A248,N246,S291,K255,-,S290,C253
E249:N247:S292:K256:L254:S291,E249,N247,S292,K256,-,S291,L254
G250:M248:Y293:P257:R255:Y292,G250,M248,Y293,P257,-,Y292,R255
S251:P249:E294:P258:C256:E293,S251,P249,E294,P258,-,E293,C256
P252:S250:L295:P259:P257:L294,P252,S250,L295,P259,-,L294,P257
E253:S251:Q296:G260:R258:Q295,E253,S251,Q296,G260,-,Q295,R258
T254:D252:Q297:E261:P259:Q296,T254,D252,Q297,E261,-,Q296,P259
P255:D253:Q298:A262:T260:Q297,P255,D253,Q298,A262,-,Q297,T260
P256:G254:S299:A263:L261:S298,P256,G254,S299,A263,-,S298,L261
G257:L255:M300:R264:A262:M299,G257,L255,M300,R264,-,M299,A262
R258:E256:K301:E265:Q263:K300,R258,E256,K301,E265,-,K300,Q263
C259:H257:R302:E266:R264:R301,C259,H257,R302,E266,-,R301,R264
C260:N258:S303:L267:E265:S302,C260,N258,S303,L267,-,S302,E265
R261:K259:N304:R268:R266:N303,R261,K259,N304,R268,-,N303,R266
C262:I260:R305:N269:N267:R304,C262,I260,R305,N269,-,R304,N267
C263:Q261:R306:G270:Q268:R305,C263,Q261,R306,G270,-,R305,Q268
R264:N262:K307:K271:A269:K306,R264,N262,K307,K271,-,K306,A269
A265:G263:Y308:L272:S270:Y307,A265,G263,Y308,L272,-,Y307,S270
P266:K264:G309:E273:W271:G308,P266,K264,G309,E273,-,G308,W271
R267:A265:R310:E274:S272:R309,R267,A265,R310,E274,-,R309,S272
L268:P266:C311:A275:S273:C310,L268,P266,C311,A275,-,C310,S273
L269:R267:H312:P276:S274:H311,L269,R267,H312,P276,-,H311,S274
Q270:D268:F313:P277:R275:F312,Q270,D268,F313,P277,-,F312,R275
A271:P269:W314:P278:R276:W313,A271,P269,W314,P278,-,W313,R276
Y272:V270:F315:A279:S277:F314,Y272,V270,F315,A279,-,F314,S277
S273:T271:T316:L280:T278:T315,S273,T271,T316,L280,-,T315,T278
W274:E272:T317:P281:S279:T316,W274,E272,T317,P281,-,T316,S279
K275:N273:K318:P282:T280:K317,K275,N273,K318,P282,-,K317,T280
E276:C274:S319:P283:T281:S318,E276,C274,S319,P283,-,S318,T281
E277:V275:W320:P284:G282:W319,E277,V275,W320,P284,-,W319,G282
E278:Q276:K321:R285:K283:K320,E278,Q276,K321,R285,-,K320,K283
E279:G277:P322:P286:P284:P321,E279,G277,P322,P286,-,P321,P284
E280:E278:S323:V287:S285:S322,E280,E278,S323,V287,-,S322,S285
D281:E279:S324:A288:Q286:S323,D281,E279,S324,A288,-,S323,Q286
E282:K280:E325:D289:A287:E324,E282,K280,E325,D289,-,E324,A287
G283:E281:Q326:K290:T288:Q325,G283,E281,Q326,K290,-,Q325,T288
S284:S282:M327:D291:G289:M326,S284,S282,M327,D291,-,M326,G289
M285:S283:D328:T292:P290:D327,M285,S283,D328,T292,-,D327,P290
E286:N284:Q329:S293:S291:Q328,E286,N284,Q329,S293,-,Q328,S291
S287:D285:D330:N294:A292:D329,S287,D285,D330,N294,-,D329,A292
L288:S286:H331:E295:N293:H330,L288,S286,H331,E295,-,H330,N293
T289:T287:S332:S296:W294:S331,T289,T287,S332,S296,-,S331,W294
-:S288:S333:S297:A295:S332,-,S288,S333,S297,-,S332,A295
-:V289:S334:S298:K296:S333,-,V289,S334,S298,-,S333,K296
-:S290:D335:G299:A297:D334,-,S290,D335,G299,-,D334,A297
-:A291:S336:S300:E298:S335,-,A291,S336,S300,-,S335,E298
-:V292:W337:A301:Q299:W336,-,V292,W337,A301,-,W336,Q299
-:A293:N338:T302:L300:N337,-,A293,N338,T302,-,N337,L300
-:S294:N339:Q303:T301:N338,-,S294,N339,Q303,-,N338,T301
-:N295:N340:N304:T302:N339,-,N295,N340,N304,-,N339,T302
-:M296:D341:T305:C303:D340,-,M296,D341,T305,-,D340,C303
-:R297:A342:K306:S304:A341,-,R297,A342,K306,-,A341,S304
-:D298:A343:E307:S305:A342,-,D298,A343,E307,-,A342,S305
-:D299:A344:R308:Y306:A343,-,D299,A344,R308,-,A343,Y306
-:-:S345:P309:P307:S344,-,-,S345,P309,-,S344,P307
-:-:L346:A310:S308:L345,-,-,L346,A310,-,L345,S308
-:-:E347:-:S309:E346,-,-,E347,-,-,E346,S309
-:-:N348:-:E310:N347,-,-,N348,-,-,N347,E310
-:-:S349:-:D311:S348,-,-,S349,-,-,S348,D311
-:-:A350:-:E312:A349,-,-,A350,-,-,A349,E312
-:-:S351:-:D313:S350,-,-,S351,-,-,S350,D313
-:-:S352:-:K314:S351,-,-,S352,-,-,S351,K314
-:-:D353:-:P315:D352,-,-,D353,-,-,D352,P315
-:-:E354:-:A316:E353,-,-,E354,-,-,E353,A316
-:-:E355:-:T317:E354,-,-,E355,-,-,E354,T317
-:-:D356:-:D318:D355,-,-,D356,-,-,D355,D318
-:-:I357:-:P319:I356,-,-,I357,-,-,I356,P319
-:-:G358:-:V320:G357,-,-,G358,-,-,G357,V320
-:-:S359:-:L321:S358,-,-,S359,-,-,S358,L321
-:-:E360:-:Q322:E359,-,-,E360,-,-,E359,Q322
-:-:T361:-:V323:T360,-,-,T361,-,-,T360,V323
-:-:R362:-:V324:R361,-,-,R362,-,-,R361,V324
-:-:A363:-:Y325:A362,-,-,A363,-,-,A362,Y325
-:-:I364:-:K326:I363,-,-,I364,-,-,I363,K326
-:-:Y365:-:S327:Y364,-,-,Y365,-,-,Y364,S327
-:-:S366:-:Q328:S365,-,-,S366,-,-,S365,Q328
-:-:I367:-:G329:I366,-,-,I367,-,-,I366,G329
-:-:V368:-:K330:V367,-,-,V368,-,-,V367,K330
-:-:L369:-:-:L368,-,-,L369,-,-,L368,-
-:-:K370:-:-:K369,-,-,K370,-,-,K369,-
-:-:L371:-:-:L370,-,-,L371,-,-,L370,-
-:-:P372:-:-:P371,-,-,P372,-,-,P371,-
-:-:G373:-:-:G372,-,-,G373,-,-,G372,-
-:-:H374:-:-:H373,-,-,H374,-,-,H373,-
-:-:S375:-:-:S374,-,-,S375,-,-,S374,-
-:-:T376:-:-:T375,-,-,T376,-,-,T375,-
-:-:I377:-:-:I376,-,-,I377,-,-,I376,-
-:-:L378:-:-:L377,-,-,L378,-,-,L377,-
-:-:N379:-:-:N378,-,-,N379,-,-,N378,-
-:-:S380:-:E331:S379,-,-,S380,-,-,S379,E331
-:-:T381:-:S332:T380,-,-,T381,-,-,T380,S332
-:-:K382:-:P333:K381,-,-,K382,-,-,K381,P333
-:-:L383:-:G334:L382,-,-,L383,-,-,L382,G334
-:-:P384:-:E335:P383,-,-,P384,-,-,P383,E335
-:-:S385:-:E336:S384,-,-,S385,-,-,S384,E336
-:-:S386:-:F337:S385,-,-,S386,-,-,S385,F337
-:-:D387:-:S338:D386,-,-,D387,-,-,D386,S338
-:-:N388:-:A339:N387,-,-,N388,-,-,N387,A339
-:-:L389:-:E340:L388,-,-,L389,-,-,L388,E340
-:-:Q390:-:E341:Q389,-,-,Q390,-,-,Q389,E341
-:-:V391:-:T342:V390,-,-,V391,-,-,V390,T342
-:-:P392:-:E343:P391,-,-,P392,-,-,P391,E343
-:-:E393:-:E344:E392,-,-,E393,-,-,E392,E344
-:-:E394:-:T345:E393,-,-,E394,-,-,E393,T345
-:-:E395:-:F346:E394,-,-,E395,-,-,E394,F346
-:-:L396:-:V347:L395,-,-,L396,-,-,L395,V347
-:-:G397:-:K348:G396,-,-,G397,-,-,G396,K348
-:-:M398:-:A349:M397,-,-,M398,-,-,M397,A349
-:-:V399:-:E350:V398,-,-,V399,-,-,V398,E350
-:-:D400:-:T351:D399,-,-,D400,-,-,D399,T351
-:-:L401:-:E352:L400,-,-,L401,-,-,L400,E352
-:-:E402:T311:K353:E401,-,-,E402,T311,-,E401,K353
-:-:R403:E312:S354:R402,-,-,R403,E312,-,R402,S354
-:E300:K404:L313:D355:K403,-,E300,K404,L313,-,K403,D355
-:I301:A405:S314:Y356:A404,-,I301,A405,S314,-,A404,Y356
-:T302:D406:T315:D357:D405,-,T302,D406,T315,-,D405,D357
-:Q303:K407:T316:T358:K406,-,Q303,K407,T316,-,K406,T358
-:D304:L408:E317:P359:L407,-,D304,L408,E317,-,L407,P359
-:E305:Q409:A318:N360:Q408,-,E305,Q409,A318,-,Q408,N360
-:N306:A410:T319:Y361:A409,-,N306,A410,T319,-,A409,Y361
-:T307:Q411:T320:L362:Q410,-,T307,Q411,T320,-,Q410,L362
-:V308:K412:P321:L363:K411,-,V308,K412,P321,-,K411,L363
-:S309:S413:A322:S364:S412,-,S309,S413,A322,-,S412,S364
-:T310:V414:M323:P365:V413,-,T310,V414,M323,-,V413,P365
-:S311:D415:P324:A366:D414,-,S311,D415,P324,-,D414,A366
S290:L312:D416:A325:A367:D415,S290,L312,D416,A325,-,D415,A367
S291:G313:G417:P326:A368:G416,S291,G313,G417,P326,-,G416,A368
E292:H314:G418:P327:H369:G417,E292,H314,G418,P327,-,G417,H369
G293:S315:S419:L328:R370:S418,G293,S315,S419,L328,-,S418,R370
E294:K316:F420:Q329:P371:F419,E294,K316,F420,Q329,-,F419,P371
E295:D317:P421:P330:K372:P420,E295,D317,P421,P330,-,P420,K372
P296:E318:K422:R331:S373:K421,P296,E318,K422,R331,-,K421,S373
G297:N319:S423:A332:Q374:S422,G297,N319,S423,A332,-,S422,Q374
S298:S320:F424:L333:K375:F423,S298,S320,F424,L333,-,F423,K375
E299:K321:S425:N334:C376:S424,E299,K321,S425,N334,-,S424,C376
V300:Q322:K426:P335:V377:K425,V300,Q322,K426,P335,-,K425,V377
V301:T323:L427:A336:A378:L426,V301,T323,L427,A336,-,L426,A378
I302:C324:P428:S337:Y379:P427,I302,C324,P428,S337,-,P427,Y379
K303:I325:I429:R338:K380:I428,K303,I325,I429,R338,-,I428,K380
M304:R326:Q430:W339:F381:Q429,M304,R326,Q430,W339,-,Q429,F381
P305:I327:L431:S340:R382:L430,P305,I327,L431,S340,-,L430,R382
M306:G328:E432:K341:L383:E431,M306,G328,E432,K341,-,E431,L383
V307:T329:S433:I342:V384:S432,V307,T329,S433,I342,-,S432,V384
D308:K330:A434:Q343:V385:A433,D308,K330,A434,Q343,-,A433,V385
P309:T331:V435:I344:K386:V434,P309,T331,V435,I344,-,V434,K386
E310:P332:D436:V345:A387:D435,E310,P332,D436,V345,-,D435,A387
A311:K333:T437:T346:D388:T436,A311,K333,T437,T346,-,T436,D388
Q312:S334:A438:K347:G389:A437,Q312,S334,A438,K347,-,A437,G389
A313:D335:K439:Q348:N390:K438,A313,D335,K439,Q348,-,K438,N390
P314:S336:T440:T349:Q391:T439,P314,S336,T440,T349,-,T439,Q391
T315:C337:S441:G350:E392:S440,T315,C337,S441,G350,-,S440,E392
K316:T338:D442:N351:T393:D441,K316,T338,D442,N351,-,D441,T393
Q317:P339:V443:E352:N394:V442,Q317,P339,V443,E352,-,V442,N394
P318:T340:N444:C353:N395:N443,P318,T340,N444,C353,-,N443,N395
P319:N341:S445:V354:G396:S444,P319,N341,S445,V354,-,S444,G396
R320:T342:S446:T355:C397:S445,R320,T342,S446,T355,-,S445,C397
S321:T343:V447:A356:H398:V446,S321,T343,V447,A356,-,V446,H398
S322:V344:G448:I357:K399:G447,S322,V344,G448,I357,-,G447,K399
P323:E345:K449:E358:V400:K448,P323,E345,K449,E358,-,K448,V400
N324:V346:S450:I359:K401:S449,N324,V346,S450,I359,-,S449,K401
T325:V347:T451:V360:I402:T450,T325,V347,T451,V360,-,T450,I402
V326:G348:A452:P361:M403:A451,V326,G348,A452,P361,-,A451,M403
K327:S349:T453:A362:P404:T452,K327,S349,T453,A362,-,T452,P404
R328:S350:L454:T363:C405:L453,R328,S350,L454,T363,-,L453,C405
P329:G351:P455:P364:P406:P454,P329,G351,P455,P364,-,P454,P406
T330:Q352:L456:A365:F407:L455,T330,Q352,L456,A365,-,L455,F407
K331:N353:S457:G366:P408:S456,K331,N353,S457,G366,-,S456,P408
K332:G354:F458:M367:V409:F457,K332,G354,F458,M367,-,F457,V409
G333:D355:K459:R368:A410:K458,G333,D355,K459,R368,-,K458,A410
R334:E356:E460:P369:K411:E459,R334,E356,E460,P369,-,E459,K411
D335:K357:A461:A370:E412:A460,D335,K357,A461,A370,-,A460,E412
R336:Q358:T462:A371:P413:T461,R336,Q358,T462,A371,-,T461,P413
A337:N359:L463:N372:S414:L462,A337,N359,L463,N372,-,L462,S414
G338:I360:A464:V373:T415:A463,G338,I360,A464,V373,-,A463,T415
K339:V361:K465:A374:K416:K464,K339,V361,K465,A374,-,K464,K416
G340:A362:R466:R375:G417:R465,G340,A362,R466,R375,-,R465,G417
Q341:R363:F467:K376:L418:F466,Q341,R363,F467,K376,-,F466,L418
K342:K364:A468:F377:N419:A467,K342,K364,A468,F377,-,A467,N419
P343:I365:L469:A378:P420:L468,P343,I365,L469,A378,-,L468,P420
R344:V366:K470:S379:N421:K469,R344,V366,K470,S379,-,K469,N421
G345:K367:T471:I380:P422:T470,G345,K367,T471,I380,-,T470,P422
K346:M368:R472:A381:S423:R471,K346,M368,R472,A381,-,R471,S423
E347:T369:S473:R382:H424:S472,E347,T369,S473,R382,-,S472,H424
Q348:K370:Q474:N383:Q425:Q473,Q348,K370,Q474,N383,-,Q473,Q425
L349:Q371:I475:Q384:M426:I474,L349,Q371,I475,Q384,-,I474,M426
A350:P372:T476:V385:T427:T475,A350,P372,T476,V385,-,T475,T427
K351:A373:K477:R386:K428:K476,K351,A373,K477,R386,-,K476,K428
R352:K374:R478:K387:R429:R477,R352,K374,R478,K387,-,R477,R429
K353:K375:K479:K388:K430:K478,K353,K375,K479,K388,-,K478,K430
6x24,T354,K376,R480,R389,R386,R479,R431
6x25,F355,P377,M481,Q390,V387,M480,V432
6x26,S356,P378,S482,M391,V388,S481,V433
6x27,L357,P379,L483,A392,L389,L482,L434
6x28,V358,S380,V484,A393,V390,V483,V435
6x29,K359,R381,K485,R394,K391,K484,K436
6x30,E360,E382,E486,E395,E392,E485,E437
6x31,K361,K383,K487,R396,R393,K486,R438
6x32,K362,K384,K488,K397,K394,K487,K439
6x33,A363,V385,A489,V398,A395,A488,A440
6x34,A364,T386,A490,T399,A396,A489,A441
6x35,R365,R387,Q491,R400,Q397,Q490,Q442
6x36,T366,T388,T492,T401,T398,T491,T443
6x37,L367,I389,L493,I402,L399,L492,L444
6x38,S368,L390,S494,F403,S400,S493,S445
6x39,A369,A391,A495,A404,A401,A494,A446
6x40,I370,I392,I496,I405,I402,I495,I447
6x41,L371,L393,L497,L406,L403,L496,L448
6x42,L372,L394,L498,L407,L404,L497,L449
6x43,A373,A395,A499,A408,A405,A498,A450
6x44,F374,F396,F500,F409,F406,F499,F451
6x45,I375,I397,I501,I410,I407,I500,I452
6x46,L376,I398,I502,L411,I408,I501,I453
6x47,T377,T399,T503,T412,T409,T502,T454
6x48,W378,W400,W504,W413,W410,W503,W455
6x49,T379,A401,T505,T414,T411,T504,T456
6x50,P380,P402,P506,P415,P412,P505,P457
6x51,Y381,Y403,Y507,Y416,Y413,Y506,Y458
6x52,N382,N404,N508,N417,N414,N507,N459
6x53,I383,V405,I509,V418,I415,I508,I460
6x54,M384,M406,M510,M419,M416,M509,M461
6x55,V385,V407,V511,V420,V417,V510,V462
6x56,L386,L408,L512,L421,L418,L511,L463
6x57,V387,I409,V513,V422,V419,V512,V464
6x58,S388,N410,N514,N423,S420,N513,S465
6x59,T389,T411,T515,T424,T421,T514,T466
6x60,F390,F412,F516,F425,F422,F515,F467
6x61,C391,C413,C517,C426,C423,C516,C468
K392:A414:D518:Q427:D469:D517,K392,A414,D518,Q427,D424,D517,D469
D393:P415:S519:S428:K470:S518,D393,P415,S519,S428,K425,S518,K470
C394:C416:C520:C429:C471:C519,C394,C416,C520,C429,C426,C519,C471
V395:I417:I521:I430:V472:I520,V395,I417,I521,I430,V427,I520,V472
7x30,P396,P418,P522,P431,P428,P521,P473
7x31,E397,N419,K523,D432,V429,K522,V474
7x32,T398,T420,T524,T433,T430,T523,T475
7x33,L399,V421,F525,V434,L431,F524,L476
7x34,W400,W422,W526,W435,W432,W525,W477
7x35,E401,T423,N527,S436,H433,N526,H478
7x36,L402,I424,L528,I437,L434,L527,L479
7x37,G403,G425,G529,G438,G435,G528,G480
7x38,Y404,Y426,Y530,Y439,Y436,Y529,Y481
7x39,W405,W427,W531,W440,W437,W530,W482
7x40,L406,L428,L532,L441,L438,L531,L483
7x41,C407,C429,C533,C442,C439,C532,C484
7x42,Y408,Y430,Y534,Y443,Y440,Y533,Y485
7x43,V409,I431,I535,V444,V441,I534,V486
7x45,N410,N432,N536,N445,N442,N535,N487
7x46,S411,S433,S537,S446,S443,S536,S488
7x47,T412,T434,T538,T447,T444,T537,T489
7x48,I413,I435,V539,I448,V445,V538,V490
7x49,N414,N436,N540,N449,N446,N539,N491
7x50,P415,P437,P541,P450,P447,P540,P492
7x51,M416,A438,V542,A451,I448,V541,I493
7x52,C417,C439,C543,C452,C449,C542,C494
7x53,Y418,Y440,Y544,Y453,Y450,Y543,Y495
7x54,A419,A441,A545,A454,A451,A544,A496
7x55,L420,L442,L546,L455,L452,L545,L497
7x56,C421,C443,C547,C456,C453,C546,C498
8x47,N422,N444,N548,N457,N454,N547,N499
8x48,K423,A445,K549,A458,R455,K548,R500
8x49,A424,T446,T550,T459,T456,T549,T501
8x50,F425,F447,F551,F460,F457,F550,F502
8x51,R426,K448,R552,K461,R458,R551,R503
8x52,D427,K449,T553,K462,K459,T552,K504
8x53,T428,T450,T554,T463,T460,T553,T505
8x54,F429,F451,F555,F464,F461,F554,F506
8x55,R430,K452,K556,R465,K462,K555,K507
8x56,L431,H453,M557,H466,M463,M556,M508
8x57,L432,L454,L558,L467,L464,L557,L509
8x58,L433,L455,L559,L468,L465,L558,L510
8x59:-,L434,M456,-,L469,-,-,-
C435:C457:L560:C470:L511:L559,C435,C457,L560,C470,L466,L559,L511
R436:H458:C561:Q471:C512:C560,R436,H458,C561,Q471,C467,C560,C512
W437:Y459:Q562:Y472:R513:Q561,W437,Y459,Q562,Y472,R468,Q561,R513
D438:K460:C563:R473:W514:C562,D438,K460,C563,R473,W469,C562,W514
K439:N461:D564:N474:K515:D563,K439,N461,D564,N474,K470,D563,K515
R440:I462:K565:I475:K516:K564,R440,I462,K565,I475,K471,K564,K516
R441:G463:K566:G476:K517:K565,R441,G463,K566,G476,K472,K565,K517
W442:A464:K567:T477:K518:K566,W442,A464,K567,T477,K473,K566,K518
R443:T465:R568:A478:V519:R567,R443,T465,R568,A478,V474,R567,V519
K444:R466:R569:R479:E520:R568,K444,R466,R569,R479,E475,R568,E520
I445:-:K570:-:E521:K569,I445,-,K570,-,E476,K569,E521
P446:-:Q571:-:K522:Q570,P446,-,Q571,-,K477,Q570,K522
K447:-:Q572:-:L523:Q571,K447,-,Q572,-,L478,Q571,L523
R448:-:Y573:-:Y524:Y572,R448,-,Y573,-,Y479,Y572,Y524
P449:-:Q574:-:W525:Q573,P449,-,Q574,-,W480,Q573,W525
G450:-:Q575:-:Q526:Q574,G450,-,Q575,-,Q481,Q574,Q526
S451:-:R576:-:G527:R575,S451,-,R576,-,G482,R575,G527
V452:-:Q577:-:N528:Q576,V452,-,Q577,-,N483,Q576,N528
H453:-:S578:-:S529:S577,H453,-,S578,-,S484,S577,S529
R454:-:V579:-:K530:V578,R454,-,V579,-,K485,V578,K530
T455:-:I580:-:L531:I579,T455,-,I580,-,L486,I579,L531
P456:-:F581:-:P532:F580,P456,-,F581,-,P487,F580,P532
S457:-:H582:-:-:H581,S457,-,H582,-,-,H581,-
R458:-:K583:-:-:K582,R458,-,K583,-,-,K582,-
Q459:-:R584:-:-:R583,Q459,-,R584,-,-,R583,-
C460:-:A585:-:-:A584,C460,-,A585,-,-,A584,-
-:-:P586:-:-:P585,-,-,P586,-,-,P585,-
-:-:E587:-:-:E586,-,-,E587,-,-,E586,-
-:-:Q588:-:-:Q587,-,-,Q588,-,-,Q587,-
-:-:A589:-:-:A588,-,-,A589,-,-,A588,-
-:-:L590:-:-:L589,-,-,L590,-,-,L589,-